{"translation": {"x": -0.19135916233062744, "y": 0.023155376315116882, "z": 0.799641489982605}, "rotation": {"x": -0.13456878192554345, "y": -0.12237689014071555, "z": -0.017589459361069756, "w": 0.9831611010459822}}