{"translation": {"x": -0.23167355358600616, "y": 0.01433754526078701, "z": 0.9281055927276611}, "rotation": {"x": -0.13991313652327955, "y": -0.2881929171178327, "z": -0.05063595434433929, "w": 0.9459414130267108}}