{"translation": {"x": -0.20727911591529846, "y": 0.017360065132379532, "z": 0.957891047000885}, "rotation": {"x": -0.15349750937485307, "y": -0.4019578492768366, "z": -0.08094490656702721, "w": 0.8990641379352821}}