{"translation": {"x": -0.1622769683599472, "y": 0.039505284279584885, "z": 0.9579522609710693}, "rotation": {"x": -0.18959464022279723, "y": -0.6098560176018708, "z": -0.1666371979699633, "w": 0.7512400112123249}}