{"translation": {"x": -0.030726348981261253, "y": 0.07279729098081589, "z": 0.9528079628944397}, "rotation": {"x": -0.27597880101635225, "y": -0.7065926985273526, "z": -0.26053857889635074, "w": 0.5972286904395}}