{"translation": {"x": -0.22374650835990906, "y": 0.013421453535556793, "z": 0.87867271900177}, "rotation": {"x": -0.13266594833912562, "y": -0.19948256205156797, "z": -0.032982923403582026, "w": 0.9703188034622313}}