{"translation": {"x": -0.06873919069766998, "y": 0.06515509635210037, "z": 0.20628340542316437}, "rotation": {"x": -0.2268025104015529, "y": 0.016296475938769883, "z": 0.034513309202044845, "w": 0.9731926210342198}}