{"translation": {"x": -0.011550163850188255, "y": 0.08753369748592377, "z": 0.9000492691993713}, "rotation": {"x": -0.29231872989971835, "y": -0.7066969582828604, "z": -0.30188819400861433, "w": 0.5692035555245468}}