{"translation": {"x": -0.08363257348537445, "y": 0.03274262696504593, "z": 0.44446834921836853}, "rotation": {"x": -0.18523385018409705, "y": -0.011889715927864218, "z": 0.01159230178272562, "w": 0.9825541582734808}}