{"translation": {"x": -0.016190998256206512, "y": 0.08493776619434357, "z": 0.9165311455726624}, "rotation": {"x": -0.2902192788057313, "y": -0.7116551439991544, "z": -0.2935979085095309, "w": 0.5684364470614574}}