{"translation": {"x": -0.04063497111201286, "y": 0.08821113407611847, "z": 0.8813155293464661}, "rotation": {"x": -0.29018587066182805, "y": -0.6681836797557275, "z": -0.2832497980250117, "w": 0.6237726208283932}}