{"translation": {"x": -0.14546413719654083, "y": 0.04411502927541733, "z": 0.6741152405738831}, "rotation": {"x": -0.14703597056264828, "y": -0.07644212208443549, "z": -0.0010371202319277395, "w": 0.9861723732256713}}